protocol,family,scenario,tps,p95_latency_ms,finality_s,energy_wh_tx,committee_k,adversary_beta,nakamoto_coef,gini,notes,source,scalability,security,decentralization,energy,tbi
CometBFT,BFT-PoS,LAN-4val,1200,800,1.6,0.03,4.0,0.2,4,0.2,Local run example,Local,0.6558170597386284,0.8,0.40150150150150155,0.970970970970971,0.6985238345042266
IBFT-Besu,PoA,LAN-4val,2200,700,2.0,0.02,4.0,0.2,4,0.25,Local run example,Local,0.6958992467013858,0.8,0.3765015015015015,0.980980980980981,0.704296383246918
PoW-BlockSim,PoW,Sim-params,15,600000,3600.0,0.8,,0.33,100,0.85,Sim steady state (10 min),Sim/Paper,0.16684507504471857,0.6699999999999999,0.12454954954954955,0.20020020020020013,0.31388869618860704
HotStuff (paper),BFT-PoS,Paper-2024-StudyX,3000,900,2.0,0.04,7.0,0.2,50,0.4,Published figure,PaperX2024,0.7091245932600656,0.8,0.3245245245245245,0.960960960960961,0.6906044716383397
DPoS (paper),DPoS,Paper-2023-StudyY,3500,1200,1.0,0.02,21.0,0.33,21,0.65,Published figure,PaperY2023,0.705652222586269,0.6699999999999999,0.18501001001001,0.980980980980981,0.619861754345266
DAG (paper),DAG,Paper-2024-StudyZ,5000,1500,3.0,0.01,,0.33,35,0.55,Published figure,PaperZ2024,0.7354076534112185,0.6699999999999999,0.242017017017017,0.990990990990991,0.643554365805257
